[
  {
    "name": "Process Start",
    "start": 1623316220271,
    "end": 1623316221301,
    "duration": 1030,
    "pid": 14000,
    "index": 0
  },
  {
    "name": "Application Start",
    "start": 1623316221302,
    "end": 1623316221792,
    "duration": 490,
    "pid": 14000,
    "index": 1
  },
  {
    "name": "Load Plugin",
    "start": 1623316221307,
    "end": 1623316221325,
    "duration": 18,
    "pid": 14000,
    "index": 2
  },
  {
    "name": "Load Config",
    "start": 1623316221326,
    "end": 1623316221352,
    "duration": 26,
    "pid": 14000,
    "index": 3
  },
  {
    "name": "Require(0) config/config.default.js",
    "start": 1623316221326,
    "end": 1623316221327,
    "duration": 1,
    "pid": 14000,
    "index": 4
  },
  {
    "name": "Require(1) node_modules/_egg-session@3.3.0@egg-session/config/config.default.js",
    "start": 1623316221330,
    "end": 1623316221331,
    "duration": 1,
    "pid": 14000,
    "index": 5
  },
  {
    "name": "Require(2) node_modules/_egg-security@2.8.0@egg-security/config/config.default.js",
    "start": 1623316221331,
    "end": 1623316221332,
    "duration": 1,
    "pid": 14000,
    "index": 6
  },
  {
    "name": "Require(3) node_modules/_egg-jsonp@2.0.0@egg-jsonp/config/config.default.js",
    "start": 1623316221333,
    "end": 1623316221333,
    "duration": 0,
    "pid": 14000,
    "index": 7
  },
  {
    "name": "Require(4) node_modules/_egg-onerror@2.1.0@egg-onerror/config/config.default.js",
    "start": 1623316221334,
    "end": 1623316221334,
    "duration": 0,
    "pid": 14000,
    "index": 8
  },
  {
    "name": "Require(5) node_modules/_egg-i18n@2.1.1@egg-i18n/config/config.default.js",
    "start": 1623316221335,
    "end": 1623316221335,
    "duration": 0,
    "pid": 14000,
    "index": 9
  },
  {
    "name": "Require(6) node_modules/_egg-watcher@3.1.1@egg-watcher/config/config.default.js",
    "start": 1623316221336,
    "end": 1623316221337,
    "duration": 1,
    "pid": 14000,
    "index": 10
  },
  {
    "name": "Require(7) node_modules/_egg-schedule@3.6.6@egg-schedule/config/config.default.js",
    "start": 1623316221337,
    "end": 1623316221337,
    "duration": 0,
    "pid": 14000,
    "index": 11
  },
  {
    "name": "Require(8) node_modules/_egg-multipart@2.10.3@egg-multipart/config/config.default.js",
    "start": 1623316221338,
    "end": 1623316221339,
    "duration": 1,
    "pid": 14000,
    "index": 12
  },
  {
    "name": "Require(9) node_modules/_egg-development@2.7.0@egg-development/config/config.default.js",
    "start": 1623316221340,
    "end": 1623316221340,
    "duration": 0,
    "pid": 14000,
    "index": 13
  },
  {
    "name": "Require(10) node_modules/_egg-logrotator@3.1.0@egg-logrotator/config/config.default.js",
    "start": 1623316221341,
    "end": 1623316221342,
    "duration": 1,
    "pid": 14000,
    "index": 14
  },
  {
    "name": "Require(11) node_modules/_egg-static@2.2.0@egg-static/config/config.default.js",
    "start": 1623316221342,
    "end": 1623316221343,
    "duration": 1,
    "pid": 14000,
    "index": 15
  },
  {
    "name": "Require(12) node_modules/_egg-view@2.1.3@egg-view/config/config.default.js",
    "start": 1623316221344,
    "end": 1623316221344,
    "duration": 0,
    "pid": 14000,
    "index": 16
  },
  {
    "name": "Require(13) node_modules/_egg@2.29.3@egg/config/config.default.js",
    "start": 1623316221344,
    "end": 1623316221345,
    "duration": 1,
    "pid": 14000,
    "index": 17
  },
  {
    "name": "Require(14) config/config.default.js",
    "start": 1623316221346,
    "end": 1623316221346,
    "duration": 0,
    "pid": 14000,
    "index": 18
  },
  {
    "name": "Require(15) node_modules/_egg-security@2.8.0@egg-security/config/config.local.js",
    "start": 1623316221347,
    "end": 1623316221348,
    "duration": 1,
    "pid": 14000,
    "index": 19
  },
  {
    "name": "Require(16) node_modules/_egg-watcher@3.1.1@egg-watcher/config/config.local.js",
    "start": 1623316221349,
    "end": 1623316221349,
    "duration": 0,
    "pid": 14000,
    "index": 20
  },
  {
    "name": "Require(17) node_modules/_egg-view@2.1.3@egg-view/config/config.local.js",
    "start": 1623316221350,
    "end": 1623316221351,
    "duration": 1,
    "pid": 14000,
    "index": 21
  },
  {
    "name": "Require(18) node_modules/_egg@2.29.3@egg/config/config.local.js",
    "start": 1623316221351,
    "end": 1623316221351,
    "duration": 0,
    "pid": 14000,
    "index": 22
  },
  {
    "name": "Load extend/application.js",
    "start": 1623316221353,
    "end": 1623316221368,
    "duration": 15,
    "pid": 14000,
    "index": 23
  },
  {
    "name": "Require(19) node_modules/_egg-session@3.3.0@egg-session/app/extend/application.js",
    "start": 1623316221353,
    "end": 1623316221354,
    "duration": 1,
    "pid": 14000,
    "index": 24
  },
  {
    "name": "Require(20) node_modules/_egg-security@2.8.0@egg-security/app/extend/application.js",
    "start": 1623316221355,
    "end": 1623316221356,
    "duration": 1,
    "pid": 14000,
    "index": 25
  },
  {
    "name": "Require(21) node_modules/_egg-jsonp@2.0.0@egg-jsonp/app/extend/application.js",
    "start": 1623316221357,
    "end": 1623316221359,
    "duration": 2,
    "pid": 14000,
    "index": 26
  },
  {
    "name": "Require(22) node_modules/_egg-logrotator@3.1.0@egg-logrotator/app/extend/application.js",
    "start": 1623316221360,
    "end": 1623316221363,
    "duration": 3,
    "pid": 14000,
    "index": 27
  },
  {
    "name": "Require(23) node_modules/_egg-view@2.1.3@egg-view/app/extend/application.js",
    "start": 1623316221364,
    "end": 1623316221366,
    "duration": 2,
    "pid": 14000,
    "index": 28
  },
  {
    "name": "Load extend/request.js",
    "start": 1623316221368,
    "end": 1623316221376,
    "duration": 8,
    "pid": 14000,
    "index": 29
  },
  {
    "name": "Require(24) node_modules/_egg@2.29.3@egg/app/extend/request.js",
    "start": 1623316221371,
    "end": 1623316221373,
    "duration": 2,
    "pid": 14000,
    "index": 30
  },
  {
    "name": "Load extend/response.js",
    "start": 1623316221376,
    "end": 1623316221385,
    "duration": 9,
    "pid": 14000,
    "index": 31
  },
  {
    "name": "Require(25) node_modules/_egg@2.29.3@egg/app/extend/response.js",
    "start": 1623316221378,
    "end": 1623316221381,
    "duration": 3,
    "pid": 14000,
    "index": 32
  },
  {
    "name": "Load extend/context.js",
    "start": 1623316221385,
    "end": 1623316221453,
    "duration": 68,
    "pid": 14000,
    "index": 33
  },
  {
    "name": "Require(26) node_modules/_egg-security@2.8.0@egg-security/app/extend/context.js",
    "start": 1623316221385,
    "end": 1623316221396,
    "duration": 11,
    "pid": 14000,
    "index": 34
  },
  {
    "name": "Require(27) node_modules/_egg-jsonp@2.0.0@egg-jsonp/app/extend/context.js",
    "start": 1623316221397,
    "end": 1623316221398,
    "duration": 1,
    "pid": 14000,
    "index": 35
  },
  {
    "name": "Require(28) node_modules/_egg-i18n@2.1.1@egg-i18n/app/extend/context.js",
    "start": 1623316221398,
    "end": 1623316221399,
    "duration": 1,
    "pid": 14000,
    "index": 36
  },
  {
    "name": "Require(29) node_modules/_egg-multipart@2.10.3@egg-multipart/app/extend/context.js",
    "start": 1623316221399,
    "end": 1623316221446,
    "duration": 47,
    "pid": 14000,
    "index": 37
  },
  {
    "name": "Require(30) node_modules/_egg-view@2.1.3@egg-view/app/extend/context.js",
    "start": 1623316221447,
    "end": 1623316221448,
    "duration": 1,
    "pid": 14000,
    "index": 38
  },
  {
    "name": "Require(31) node_modules/_egg@2.29.3@egg/app/extend/context.js",
    "start": 1623316221448,
    "end": 1623316221450,
    "duration": 2,
    "pid": 14000,
    "index": 39
  },
  {
    "name": "Load extend/helper.js",
    "start": 1623316221453,
    "end": 1623316221475,
    "duration": 22,
    "pid": 14000,
    "index": 40
  },
  {
    "name": "Require(32) node_modules/_egg-security@2.8.0@egg-security/app/extend/helper.js",
    "start": 1623316221453,
    "end": 1623316221470,
    "duration": 17,
    "pid": 14000,
    "index": 41
  },
  {
    "name": "Require(33) node_modules/_egg@2.29.3@egg/app/extend/helper.js",
    "start": 1623316221472,
    "end": 1623316221472,
    "duration": 0,
    "pid": 14000,
    "index": 42
  },
  {
    "name": "Load app.js",
    "start": 1623316221475,
    "end": 1623316221514,
    "duration": 39,
    "pid": 14000,
    "index": 43
  },
  {
    "name": "Require(34) node_modules/_egg-session@3.3.0@egg-session/app.js",
    "start": 1623316221475,
    "end": 1623316221476,
    "duration": 1,
    "pid": 14000,
    "index": 44
  },
  {
    "name": "Require(35) node_modules/_egg-security@2.8.0@egg-security/app.js",
    "start": 1623316221476,
    "end": 1623316221478,
    "duration": 2,
    "pid": 14000,
    "index": 45
  },
  {
    "name": "Require(36) node_modules/_egg-onerror@2.1.0@egg-onerror/app.js",
    "start": 1623316221478,
    "end": 1623316221491,
    "duration": 13,
    "pid": 14000,
    "index": 46
  },
  {
    "name": "Require(37) node_modules/_egg-i18n@2.1.1@egg-i18n/app.js",
    "start": 1623316221492,
    "end": 1623316221500,
    "duration": 8,
    "pid": 14000,
    "index": 47
  },
  {
    "name": "Require(38) node_modules/_egg-watcher@3.1.1@egg-watcher/app.js",
    "start": 1623316221500,
    "end": 1623316221505,
    "duration": 5,
    "pid": 14000,
    "index": 48
  },
  {
    "name": "Require(39) node_modules/_egg-schedule@3.6.6@egg-schedule/app.js",
    "start": 1623316221505,
    "end": 1623316221508,
    "duration": 3,
    "pid": 14000,
    "index": 49
  },
  {
    "name": "Require(40) node_modules/_egg-multipart@2.10.3@egg-multipart/app.js",
    "start": 1623316221508,
    "end": 1623316221509,
    "duration": 1,
    "pid": 14000,
    "index": 50
  },
  {
    "name": "Require(41) node_modules/_egg-development@2.7.0@egg-development/app.js",
    "start": 1623316221509,
    "end": 1623316221510,
    "duration": 1,
    "pid": 14000,
    "index": 51
  },
  {
    "name": "Require(42) node_modules/_egg-logrotator@3.1.0@egg-logrotator/app.js",
    "start": 1623316221511,
    "end": 1623316221511,
    "duration": 0,
    "pid": 14000,
    "index": 52
  },
  {
    "name": "Require(43) node_modules/_egg-static@2.2.0@egg-static/app.js",
    "start": 1623316221512,
    "end": 1623316221512,
    "duration": 0,
    "pid": 14000,
    "index": 53
  },
  {
    "name": "Before Start in node_modules/_egg-watcher@3.1.1@egg-watcher/lib/init.js:15:14",
    "start": 1623316221528,
    "end": 1623316221791,
    "duration": 263,
    "pid": 14000,
    "index": 54
  },
  {
    "name": "Load Service",
    "start": 1623316221564,
    "end": 1623316221569,
    "duration": 5,
    "pid": 14000,
    "index": 55
  },
  {
    "name": "Load \"service\" to Context",
    "start": 1623316221564,
    "end": 1623316221569,
    "duration": 5,
    "pid": 14000,
    "index": 56
  },
  {
    "name": "Load Middleware",
    "start": 1623316221569,
    "end": 1623316221689,
    "duration": 120,
    "pid": 14000,
    "index": 57
  },
  {
    "name": "Load \"middlewares\" to Application",
    "start": 1623316221569,
    "end": 1623316221677,
    "duration": 108,
    "pid": 14000,
    "index": 58
  },
  {
    "name": "Load Controller",
    "start": 1623316221689,
    "end": 1623316221775,
    "duration": 86,
    "pid": 14000,
    "index": 59
  },
  {
    "name": "Load \"controller\" to Application",
    "start": 1623316221689,
    "end": 1623316221775,
    "duration": 86,
    "pid": 14000,
    "index": 60
  },
  {
    "name": "Load Router",
    "start": 1623316221775,
    "end": 1623316221777,
    "duration": 2,
    "pid": 14000,
    "index": 61
  },
  {
    "name": "Require(44) app/router.js",
    "start": 1623316221775,
    "end": 1623316221776,
    "duration": 1,
    "pid": 14000,
    "index": 62
  },
  {
    "name": "Before Start in node_modules/_egg-core@4.20.0@egg-core/lib/egg.js:303:10",
    "start": 1623316221776,
    "end": 1623316221784,
    "duration": 8,
    "pid": 14000,
    "index": 63
  }
]