[
  {
    "name": "Process Start",
    "start": 1623377832542,
    "end": 1623377833481,
    "duration": 939,
    "pid": 14756,
    "index": 0
  },
  {
    "name": "Application Start",
    "start": 1623377833481,
    "end": 1623377833897,
    "duration": 416,
    "pid": 14756,
    "index": 1
  },
  {
    "name": "Load Plugin",
    "start": 1623377833485,
    "end": 1623377833499,
    "duration": 14,
    "pid": 14756,
    "index": 2
  },
  {
    "name": "Load Config",
    "start": 1623377833499,
    "end": 1623377833524,
    "duration": 25,
    "pid": 14756,
    "index": 3
  },
  {
    "name": "Require(0) config/config.default.js",
    "start": 1623377833499,
    "end": 1623377833500,
    "duration": 1,
    "pid": 14756,
    "index": 4
  },
  {
    "name": "Require(1) node_modules/_egg-session@3.3.0@egg-session/config/config.default.js",
    "start": 1623377833503,
    "end": 1623377833504,
    "duration": 1,
    "pid": 14756,
    "index": 5
  },
  {
    "name": "Require(2) node_modules/_egg-security@2.9.0@egg-security/config/config.default.js",
    "start": 1623377833504,
    "end": 1623377833505,
    "duration": 1,
    "pid": 14756,
    "index": 6
  },
  {
    "name": "Require(3) node_modules/_egg-jsonp@2.0.0@egg-jsonp/config/config.default.js",
    "start": 1623377833505,
    "end": 1623377833506,
    "duration": 1,
    "pid": 14756,
    "index": 7
  },
  {
    "name": "Require(4) node_modules/_egg-onerror@2.1.0@egg-onerror/config/config.default.js",
    "start": 1623377833506,
    "end": 1623377833507,
    "duration": 1,
    "pid": 14756,
    "index": 8
  },
  {
    "name": "Require(5) node_modules/_egg-i18n@2.1.1@egg-i18n/config/config.default.js",
    "start": 1623377833507,
    "end": 1623377833507,
    "duration": 0,
    "pid": 14756,
    "index": 9
  },
  {
    "name": "Require(6) node_modules/_egg-watcher@3.1.1@egg-watcher/config/config.default.js",
    "start": 1623377833508,
    "end": 1623377833509,
    "duration": 1,
    "pid": 14756,
    "index": 10
  },
  {
    "name": "Require(7) node_modules/_egg-schedule@3.6.6@egg-schedule/config/config.default.js",
    "start": 1623377833509,
    "end": 1623377833509,
    "duration": 0,
    "pid": 14756,
    "index": 11
  },
  {
    "name": "Require(8) node_modules/_egg-multipart@2.12.0@egg-multipart/config/config.default.js",
    "start": 1623377833510,
    "end": 1623377833510,
    "duration": 0,
    "pid": 14756,
    "index": 12
  },
  {
    "name": "Require(9) node_modules/_egg-development@2.7.0@egg-development/config/config.default.js",
    "start": 1623377833511,
    "end": 1623377833511,
    "duration": 0,
    "pid": 14756,
    "index": 13
  },
  {
    "name": "Require(10) node_modules/_egg-logrotator@3.1.0@egg-logrotator/config/config.default.js",
    "start": 1623377833511,
    "end": 1623377833512,
    "duration": 1,
    "pid": 14756,
    "index": 14
  },
  {
    "name": "Require(11) node_modules/_egg-static@2.2.0@egg-static/config/config.default.js",
    "start": 1623377833512,
    "end": 1623377833512,
    "duration": 0,
    "pid": 14756,
    "index": 15
  },
  {
    "name": "Require(12) node_modules/_egg-view@2.1.3@egg-view/config/config.default.js",
    "start": 1623377833513,
    "end": 1623377833514,
    "duration": 1,
    "pid": 14756,
    "index": 16
  },
  {
    "name": "Require(13) node_modules/_egg@2.29.4@egg/config/config.default.js",
    "start": 1623377833516,
    "end": 1623377833516,
    "duration": 0,
    "pid": 14756,
    "index": 17
  },
  {
    "name": "Require(14) config/config.default.js",
    "start": 1623377833520,
    "end": 1623377833520,
    "duration": 0,
    "pid": 14756,
    "index": 18
  },
  {
    "name": "Require(15) node_modules/_egg-security@2.9.0@egg-security/config/config.local.js",
    "start": 1623377833521,
    "end": 1623377833521,
    "duration": 0,
    "pid": 14756,
    "index": 19
  },
  {
    "name": "Require(16) node_modules/_egg-watcher@3.1.1@egg-watcher/config/config.local.js",
    "start": 1623377833522,
    "end": 1623377833522,
    "duration": 0,
    "pid": 14756,
    "index": 20
  },
  {
    "name": "Require(17) node_modules/_egg-view@2.1.3@egg-view/config/config.local.js",
    "start": 1623377833523,
    "end": 1623377833523,
    "duration": 0,
    "pid": 14756,
    "index": 21
  },
  {
    "name": "Require(18) node_modules/_egg@2.29.4@egg/config/config.local.js",
    "start": 1623377833524,
    "end": 1623377833524,
    "duration": 0,
    "pid": 14756,
    "index": 22
  },
  {
    "name": "Load extend/application.js",
    "start": 1623377833525,
    "end": 1623377833541,
    "duration": 16,
    "pid": 14756,
    "index": 23
  },
  {
    "name": "Require(19) node_modules/_egg-session@3.3.0@egg-session/app/extend/application.js",
    "start": 1623377833526,
    "end": 1623377833526,
    "duration": 0,
    "pid": 14756,
    "index": 24
  },
  {
    "name": "Require(20) node_modules/_egg-security@2.9.0@egg-security/app/extend/application.js",
    "start": 1623377833527,
    "end": 1623377833528,
    "duration": 1,
    "pid": 14756,
    "index": 25
  },
  {
    "name": "Require(21) node_modules/_egg-jsonp@2.0.0@egg-jsonp/app/extend/application.js",
    "start": 1623377833528,
    "end": 1623377833530,
    "duration": 2,
    "pid": 14756,
    "index": 26
  },
  {
    "name": "Require(22) node_modules/_egg-logrotator@3.1.0@egg-logrotator/app/extend/application.js",
    "start": 1623377833532,
    "end": 1623377833535,
    "duration": 3,
    "pid": 14756,
    "index": 27
  },
  {
    "name": "Require(23) node_modules/_egg-view@2.1.3@egg-view/app/extend/application.js",
    "start": 1623377833536,
    "end": 1623377833538,
    "duration": 2,
    "pid": 14756,
    "index": 28
  },
  {
    "name": "Load extend/request.js",
    "start": 1623377833541,
    "end": 1623377833547,
    "duration": 6,
    "pid": 14756,
    "index": 29
  },
  {
    "name": "Require(24) node_modules/_egg@2.29.4@egg/app/extend/request.js",
    "start": 1623377833543,
    "end": 1623377833544,
    "duration": 1,
    "pid": 14756,
    "index": 30
  },
  {
    "name": "Load extend/response.js",
    "start": 1623377833547,
    "end": 1623377833560,
    "duration": 13,
    "pid": 14756,
    "index": 31
  },
  {
    "name": "Require(25) node_modules/_egg@2.29.4@egg/app/extend/response.js",
    "start": 1623377833555,
    "end": 1623377833557,
    "duration": 2,
    "pid": 14756,
    "index": 32
  },
  {
    "name": "Load extend/context.js",
    "start": 1623377833560,
    "end": 1623377833622,
    "duration": 62,
    "pid": 14756,
    "index": 33
  },
  {
    "name": "Require(26) node_modules/_egg-security@2.9.0@egg-security/app/extend/context.js",
    "start": 1623377833560,
    "end": 1623377833572,
    "duration": 12,
    "pid": 14756,
    "index": 34
  },
  {
    "name": "Require(27) node_modules/_egg-jsonp@2.0.0@egg-jsonp/app/extend/context.js",
    "start": 1623377833572,
    "end": 1623377833574,
    "duration": 2,
    "pid": 14756,
    "index": 35
  },
  {
    "name": "Require(28) node_modules/_egg-i18n@2.1.1@egg-i18n/app/extend/context.js",
    "start": 1623377833574,
    "end": 1623377833575,
    "duration": 1,
    "pid": 14756,
    "index": 36
  },
  {
    "name": "Require(29) node_modules/_egg-multipart@2.12.0@egg-multipart/app/extend/context.js",
    "start": 1623377833575,
    "end": 1623377833617,
    "duration": 42,
    "pid": 14756,
    "index": 37
  },
  {
    "name": "Require(30) node_modules/_egg-view@2.1.3@egg-view/app/extend/context.js",
    "start": 1623377833618,
    "end": 1623377833618,
    "duration": 0,
    "pid": 14756,
    "index": 38
  },
  {
    "name": "Require(31) node_modules/_egg@2.29.4@egg/app/extend/context.js",
    "start": 1623377833619,
    "end": 1623377833620,
    "duration": 1,
    "pid": 14756,
    "index": 39
  },
  {
    "name": "Load extend/helper.js",
    "start": 1623377833622,
    "end": 1623377833639,
    "duration": 17,
    "pid": 14756,
    "index": 40
  },
  {
    "name": "Require(32) node_modules/_egg-security@2.9.0@egg-security/app/extend/helper.js",
    "start": 1623377833622,
    "end": 1623377833636,
    "duration": 14,
    "pid": 14756,
    "index": 41
  },
  {
    "name": "Require(33) node_modules/_egg@2.29.4@egg/app/extend/helper.js",
    "start": 1623377833637,
    "end": 1623377833637,
    "duration": 0,
    "pid": 14756,
    "index": 42
  },
  {
    "name": "Load app.js",
    "start": 1623377833639,
    "end": 1623377833664,
    "duration": 25,
    "pid": 14756,
    "index": 43
  },
  {
    "name": "Require(34) node_modules/_egg-session@3.3.0@egg-session/app.js",
    "start": 1623377833640,
    "end": 1623377833640,
    "duration": 0,
    "pid": 14756,
    "index": 44
  },
  {
    "name": "Require(35) node_modules/_egg-security@2.9.0@egg-security/app.js",
    "start": 1623377833640,
    "end": 1623377833642,
    "duration": 2,
    "pid": 14756,
    "index": 45
  },
  {
    "name": "Require(36) node_modules/_egg-onerror@2.1.0@egg-onerror/app.js",
    "start": 1623377833642,
    "end": 1623377833650,
    "duration": 8,
    "pid": 14756,
    "index": 46
  },
  {
    "name": "Require(37) node_modules/_egg-i18n@2.1.1@egg-i18n/app.js",
    "start": 1623377833650,
    "end": 1623377833656,
    "duration": 6,
    "pid": 14756,
    "index": 47
  },
  {
    "name": "Require(38) node_modules/_egg-watcher@3.1.1@egg-watcher/app.js",
    "start": 1623377833656,
    "end": 1623377833659,
    "duration": 3,
    "pid": 14756,
    "index": 48
  },
  {
    "name": "Require(39) node_modules/_egg-schedule@3.6.6@egg-schedule/app.js",
    "start": 1623377833660,
    "end": 1623377833661,
    "duration": 1,
    "pid": 14756,
    "index": 49
  },
  {
    "name": "Require(40) node_modules/_egg-multipart@2.12.0@egg-multipart/app.js",
    "start": 1623377833661,
    "end": 1623377833662,
    "duration": 1,
    "pid": 14756,
    "index": 50
  },
  {
    "name": "Require(41) node_modules/_egg-development@2.7.0@egg-development/app.js",
    "start": 1623377833662,
    "end": 1623377833663,
    "duration": 1,
    "pid": 14756,
    "index": 51
  },
  {
    "name": "Require(42) node_modules/_egg-logrotator@3.1.0@egg-logrotator/app.js",
    "start": 1623377833663,
    "end": 1623377833663,
    "duration": 0,
    "pid": 14756,
    "index": 52
  },
  {
    "name": "Require(43) node_modules/_egg-static@2.2.0@egg-static/app.js",
    "start": 1623377833663,
    "end": 1623377833663,
    "duration": 0,
    "pid": 14756,
    "index": 53
  },
  {
    "name": "Before Start in node_modules/_egg-watcher@3.1.1@egg-watcher/lib/init.js:15:14",
    "start": 1623377833672,
    "end": 1623377833897,
    "duration": 225,
    "pid": 14756,
    "index": 54
  },
  {
    "name": "Load Service",
    "start": 1623377833696,
    "end": 1623377833701,
    "duration": 5,
    "pid": 14756,
    "index": 55
  },
  {
    "name": "Load \"service\" to Context",
    "start": 1623377833697,
    "end": 1623377833701,
    "duration": 4,
    "pid": 14756,
    "index": 56
  },
  {
    "name": "Load Middleware",
    "start": 1623377833701,
    "end": 1623377833797,
    "duration": 96,
    "pid": 14756,
    "index": 57
  },
  {
    "name": "Load \"middlewares\" to Application",
    "start": 1623377833701,
    "end": 1623377833786,
    "duration": 85,
    "pid": 14756,
    "index": 58
  },
  {
    "name": "Load Controller",
    "start": 1623377833797,
    "end": 1623377833880,
    "duration": 83,
    "pid": 14756,
    "index": 59
  },
  {
    "name": "Load \"controller\" to Application",
    "start": 1623377833797,
    "end": 1623377833880,
    "duration": 83,
    "pid": 14756,
    "index": 60
  },
  {
    "name": "Load Router",
    "start": 1623377833880,
    "end": 1623377833882,
    "duration": 2,
    "pid": 14756,
    "index": 61
  },
  {
    "name": "Require(44) app/router.js",
    "start": 1623377833880,
    "end": 1623377833881,
    "duration": 1,
    "pid": 14756,
    "index": 62
  },
  {
    "name": "Before Start in node_modules/_egg-core@4.20.0@egg-core/lib/egg.js:303:10",
    "start": 1623377833881,
    "end": 1623377833890,
    "duration": 9,
    "pid": 14756,
    "index": 63
  }
]