[
  {
    "name": "Process Start",
    "start": 1623316215530,
    "end": 1623316216572,
    "duration": 1042,
    "pid": 15076,
    "index": 0
  },
  {
    "name": "Application Start",
    "start": 1623316216572,
    "end": 1623316219431,
    "duration": 2859,
    "pid": 15076,
    "index": 1
  },
  {
    "name": "Load Plugin",
    "start": 1623316216577,
    "end": 1623316216595,
    "duration": 18,
    "pid": 15076,
    "index": 2
  },
  {
    "name": "Load Config",
    "start": 1623316216596,
    "end": 1623316216620,
    "duration": 24,
    "pid": 15076,
    "index": 3
  },
  {
    "name": "Require(0) config/config.default.js",
    "start": 1623316216596,
    "end": 1623316216597,
    "duration": 1,
    "pid": 15076,
    "index": 4
  },
  {
    "name": "Require(1) node_modules/_egg-session@3.3.0@egg-session/config/config.default.js",
    "start": 1623316216600,
    "end": 1623316216601,
    "duration": 1,
    "pid": 15076,
    "index": 5
  },
  {
    "name": "Require(2) node_modules/_egg-security@2.8.0@egg-security/config/config.default.js",
    "start": 1623316216601,
    "end": 1623316216602,
    "duration": 1,
    "pid": 15076,
    "index": 6
  },
  {
    "name": "Require(3) node_modules/_egg-jsonp@2.0.0@egg-jsonp/config/config.default.js",
    "start": 1623316216603,
    "end": 1623316216603,
    "duration": 0,
    "pid": 15076,
    "index": 7
  },
  {
    "name": "Require(4) node_modules/_egg-onerror@2.1.0@egg-onerror/config/config.default.js",
    "start": 1623316216604,
    "end": 1623316216604,
    "duration": 0,
    "pid": 15076,
    "index": 8
  },
  {
    "name": "Require(5) node_modules/_egg-i18n@2.1.1@egg-i18n/config/config.default.js",
    "start": 1623316216605,
    "end": 1623316216606,
    "duration": 1,
    "pid": 15076,
    "index": 9
  },
  {
    "name": "Require(6) node_modules/_egg-watcher@3.1.1@egg-watcher/config/config.default.js",
    "start": 1623316216607,
    "end": 1623316216607,
    "duration": 0,
    "pid": 15076,
    "index": 10
  },
  {
    "name": "Require(7) node_modules/_egg-schedule@3.6.6@egg-schedule/config/config.default.js",
    "start": 1623316216608,
    "end": 1623316216609,
    "duration": 1,
    "pid": 15076,
    "index": 11
  },
  {
    "name": "Require(8) node_modules/_egg-multipart@2.10.3@egg-multipart/config/config.default.js",
    "start": 1623316216609,
    "end": 1623316216610,
    "duration": 1,
    "pid": 15076,
    "index": 12
  },
  {
    "name": "Require(9) node_modules/_egg-development@2.7.0@egg-development/config/config.default.js",
    "start": 1623316216610,
    "end": 1623316216611,
    "duration": 1,
    "pid": 15076,
    "index": 13
  },
  {
    "name": "Require(10) node_modules/_egg-logrotator@3.1.0@egg-logrotator/config/config.default.js",
    "start": 1623316216611,
    "end": 1623316216612,
    "duration": 1,
    "pid": 15076,
    "index": 14
  },
  {
    "name": "Require(11) node_modules/_egg-static@2.2.0@egg-static/config/config.default.js",
    "start": 1623316216612,
    "end": 1623316216613,
    "duration": 1,
    "pid": 15076,
    "index": 15
  },
  {
    "name": "Require(12) node_modules/_egg-view@2.1.3@egg-view/config/config.default.js",
    "start": 1623316216613,
    "end": 1623316216613,
    "duration": 0,
    "pid": 15076,
    "index": 16
  },
  {
    "name": "Require(13) node_modules/_egg@2.29.3@egg/config/config.default.js",
    "start": 1623316216614,
    "end": 1623316216614,
    "duration": 0,
    "pid": 15076,
    "index": 17
  },
  {
    "name": "Require(14) config/config.default.js",
    "start": 1623316216616,
    "end": 1623316216616,
    "duration": 0,
    "pid": 15076,
    "index": 18
  },
  {
    "name": "Require(15) node_modules/_egg-security@2.8.0@egg-security/config/config.local.js",
    "start": 1623316216616,
    "end": 1623316216617,
    "duration": 1,
    "pid": 15076,
    "index": 19
  },
  {
    "name": "Require(16) node_modules/_egg-watcher@3.1.1@egg-watcher/config/config.local.js",
    "start": 1623316216618,
    "end": 1623316216618,
    "duration": 0,
    "pid": 15076,
    "index": 20
  },
  {
    "name": "Require(17) node_modules/_egg-view@2.1.3@egg-view/config/config.local.js",
    "start": 1623316216619,
    "end": 1623316216619,
    "duration": 0,
    "pid": 15076,
    "index": 21
  },
  {
    "name": "Require(18) node_modules/_egg@2.29.3@egg/config/config.local.js",
    "start": 1623316216620,
    "end": 1623316216620,
    "duration": 0,
    "pid": 15076,
    "index": 22
  },
  {
    "name": "Load extend/application.js",
    "start": 1623316216621,
    "end": 1623316216684,
    "duration": 63,
    "pid": 15076,
    "index": 23
  },
  {
    "name": "Require(19) node_modules/_egg-session@3.3.0@egg-session/app/extend/application.js",
    "start": 1623316216622,
    "end": 1623316216631,
    "duration": 9,
    "pid": 15076,
    "index": 24
  },
  {
    "name": "Require(20) node_modules/_egg-security@2.8.0@egg-security/app/extend/application.js",
    "start": 1623316216632,
    "end": 1623316216644,
    "duration": 12,
    "pid": 15076,
    "index": 25
  },
  {
    "name": "Require(21) node_modules/_egg-jsonp@2.0.0@egg-jsonp/app/extend/application.js",
    "start": 1623316216644,
    "end": 1623316216655,
    "duration": 11,
    "pid": 15076,
    "index": 26
  },
  {
    "name": "Require(22) node_modules/_egg-logrotator@3.1.0@egg-logrotator/app/extend/application.js",
    "start": 1623316216656,
    "end": 1623316216664,
    "duration": 8,
    "pid": 15076,
    "index": 27
  },
  {
    "name": "Require(23) node_modules/_egg-view@2.1.3@egg-view/app/extend/application.js",
    "start": 1623316216665,
    "end": 1623316216681,
    "duration": 16,
    "pid": 15076,
    "index": 28
  },
  {
    "name": "Load extend/request.js",
    "start": 1623316216684,
    "end": 1623316216698,
    "duration": 14,
    "pid": 15076,
    "index": 29
  },
  {
    "name": "Require(24) node_modules/_egg@2.29.3@egg/app/extend/request.js",
    "start": 1623316216686,
    "end": 1623316216696,
    "duration": 10,
    "pid": 15076,
    "index": 30
  },
  {
    "name": "Load extend/response.js",
    "start": 1623316216698,
    "end": 1623316216726,
    "duration": 28,
    "pid": 15076,
    "index": 31
  },
  {
    "name": "Require(25) node_modules/_egg@2.29.3@egg/app/extend/response.js",
    "start": 1623316216700,
    "end": 1623316216722,
    "duration": 22,
    "pid": 15076,
    "index": 32
  },
  {
    "name": "Load extend/context.js",
    "start": 1623316216726,
    "end": 1623316216794,
    "duration": 68,
    "pid": 15076,
    "index": 33
  },
  {
    "name": "Require(26) node_modules/_egg-security@2.8.0@egg-security/app/extend/context.js",
    "start": 1623316216726,
    "end": 1623316216737,
    "duration": 11,
    "pid": 15076,
    "index": 34
  },
  {
    "name": "Require(27) node_modules/_egg-jsonp@2.0.0@egg-jsonp/app/extend/context.js",
    "start": 1623316216737,
    "end": 1623316216738,
    "duration": 1,
    "pid": 15076,
    "index": 35
  },
  {
    "name": "Require(28) node_modules/_egg-i18n@2.1.1@egg-i18n/app/extend/context.js",
    "start": 1623316216738,
    "end": 1623316216739,
    "duration": 1,
    "pid": 15076,
    "index": 36
  },
  {
    "name": "Require(29) node_modules/_egg-multipart@2.10.3@egg-multipart/app/extend/context.js",
    "start": 1623316216739,
    "end": 1623316216788,
    "duration": 49,
    "pid": 15076,
    "index": 37
  },
  {
    "name": "Require(30) node_modules/_egg-view@2.1.3@egg-view/app/extend/context.js",
    "start": 1623316216789,
    "end": 1623316216790,
    "duration": 1,
    "pid": 15076,
    "index": 38
  },
  {
    "name": "Require(31) node_modules/_egg@2.29.3@egg/app/extend/context.js",
    "start": 1623316216791,
    "end": 1623316216792,
    "duration": 1,
    "pid": 15076,
    "index": 39
  },
  {
    "name": "Load extend/helper.js",
    "start": 1623316216795,
    "end": 1623316217017,
    "duration": 222,
    "pid": 15076,
    "index": 40
  },
  {
    "name": "Require(32) node_modules/_egg-security@2.8.0@egg-security/app/extend/helper.js",
    "start": 1623316216796,
    "end": 1623316217004,
    "duration": 208,
    "pid": 15076,
    "index": 41
  },
  {
    "name": "Require(33) node_modules/_egg@2.29.3@egg/app/extend/helper.js",
    "start": 1623316217006,
    "end": 1623316217015,
    "duration": 9,
    "pid": 15076,
    "index": 42
  },
  {
    "name": "Load app.js",
    "start": 1623316217017,
    "end": 1623316217293,
    "duration": 276,
    "pid": 15076,
    "index": 43
  },
  {
    "name": "Require(34) node_modules/_egg-session@3.3.0@egg-session/app.js",
    "start": 1623316217018,
    "end": 1623316217026,
    "duration": 8,
    "pid": 15076,
    "index": 44
  },
  {
    "name": "Require(35) node_modules/_egg-security@2.8.0@egg-security/app.js",
    "start": 1623316217027,
    "end": 1623316217046,
    "duration": 19,
    "pid": 15076,
    "index": 45
  },
  {
    "name": "Require(36) node_modules/_egg-onerror@2.1.0@egg-onerror/app.js",
    "start": 1623316217047,
    "end": 1623316217171,
    "duration": 124,
    "pid": 15076,
    "index": 46
  },
  {
    "name": "Require(37) node_modules/_egg-i18n@2.1.1@egg-i18n/app.js",
    "start": 1623316217172,
    "end": 1623316217243,
    "duration": 71,
    "pid": 15076,
    "index": 47
  },
  {
    "name": "Require(38) node_modules/_egg-watcher@3.1.1@egg-watcher/app.js",
    "start": 1623316217243,
    "end": 1623316217248,
    "duration": 5,
    "pid": 15076,
    "index": 48
  },
  {
    "name": "Require(39) node_modules/_egg-schedule@3.6.6@egg-schedule/app.js",
    "start": 1623316217248,
    "end": 1623316217260,
    "duration": 12,
    "pid": 15076,
    "index": 49
  },
  {
    "name": "Require(40) node_modules/_egg-multipart@2.10.3@egg-multipart/app.js",
    "start": 1623316217260,
    "end": 1623316217270,
    "duration": 10,
    "pid": 15076,
    "index": 50
  },
  {
    "name": "Require(41) node_modules/_egg-development@2.7.0@egg-development/app.js",
    "start": 1623316217270,
    "end": 1623316217278,
    "duration": 8,
    "pid": 15076,
    "index": 51
  },
  {
    "name": "Require(42) node_modules/_egg-logrotator@3.1.0@egg-logrotator/app.js",
    "start": 1623316217278,
    "end": 1623316217286,
    "duration": 8,
    "pid": 15076,
    "index": 52
  },
  {
    "name": "Require(43) node_modules/_egg-static@2.2.0@egg-static/app.js",
    "start": 1623316217286,
    "end": 1623316217292,
    "duration": 6,
    "pid": 15076,
    "index": 53
  },
  {
    "name": "Before Start in node_modules/_egg-watcher@3.1.1@egg-watcher/lib/init.js:15:14",
    "start": 1623316217324,
    "end": 1623316219430,
    "duration": 2106,
    "pid": 15076,
    "index": 54
  },
  {
    "name": "Load Service",
    "start": 1623316217349,
    "end": 1623316217353,
    "duration": 4,
    "pid": 15076,
    "index": 55
  },
  {
    "name": "Load \"service\" to Context",
    "start": 1623316217349,
    "end": 1623316217353,
    "duration": 4,
    "pid": 15076,
    "index": 56
  },
  {
    "name": "Load Middleware",
    "start": 1623316217353,
    "end": 1623316218405,
    "duration": 1052,
    "pid": 15076,
    "index": 57
  },
  {
    "name": "Load \"middlewares\" to Application",
    "start": 1623316217354,
    "end": 1623316218363,
    "duration": 1009,
    "pid": 15076,
    "index": 58
  },
  {
    "name": "Load Controller",
    "start": 1623316218405,
    "end": 1623316219396,
    "duration": 991,
    "pid": 15076,
    "index": 59
  },
  {
    "name": "Load \"controller\" to Application",
    "start": 1623316218405,
    "end": 1623316219396,
    "duration": 991,
    "pid": 15076,
    "index": 60
  },
  {
    "name": "Load Router",
    "start": 1623316219396,
    "end": 1623316219406,
    "duration": 10,
    "pid": 15076,
    "index": 61
  },
  {
    "name": "Require(44) app/router.js",
    "start": 1623316219396,
    "end": 1623316219404,
    "duration": 8,
    "pid": 15076,
    "index": 62
  },
  {
    "name": "Before Start in node_modules/_egg-core@4.20.0@egg-core/lib/egg.js:303:10",
    "start": 1623316219404,
    "end": 1623316219416,
    "duration": 12,
    "pid": 15076,
    "index": 63
  }
]