[
  {
    "name": "Process Start",
    "start": 1623377830888,
    "end": 1623377831806,
    "duration": 918,
    "pid": 12556,
    "index": 0
  },
  {
    "name": "Application Start",
    "start": 1623377831806,
    "end": 1623377832317,
    "duration": 511,
    "pid": 12556,
    "index": 1
  },
  {
    "name": "Load Plugin",
    "start": 1623377831810,
    "end": 1623377831826,
    "duration": 16,
    "pid": 12556,
    "index": 2
  },
  {
    "name": "Load Config",
    "start": 1623377831826,
    "end": 1623377831850,
    "duration": 24,
    "pid": 12556,
    "index": 3
  },
  {
    "name": "Require(0) config/config.default.js",
    "start": 1623377831827,
    "end": 1623377831827,
    "duration": 0,
    "pid": 12556,
    "index": 4
  },
  {
    "name": "Require(1) node_modules/_egg-session@3.3.0@egg-session/config/config.default.js",
    "start": 1623377831831,
    "end": 1623377831831,
    "duration": 0,
    "pid": 12556,
    "index": 5
  },
  {
    "name": "Require(2) node_modules/_egg-security@2.9.0@egg-security/config/config.default.js",
    "start": 1623377831832,
    "end": 1623377831832,
    "duration": 0,
    "pid": 12556,
    "index": 6
  },
  {
    "name": "Require(3) node_modules/_egg-jsonp@2.0.0@egg-jsonp/config/config.default.js",
    "start": 1623377831834,
    "end": 1623377831834,
    "duration": 0,
    "pid": 12556,
    "index": 7
  },
  {
    "name": "Require(4) node_modules/_egg-onerror@2.1.0@egg-onerror/config/config.default.js",
    "start": 1623377831835,
    "end": 1623377831835,
    "duration": 0,
    "pid": 12556,
    "index": 8
  },
  {
    "name": "Require(5) node_modules/_egg-i18n@2.1.1@egg-i18n/config/config.default.js",
    "start": 1623377831836,
    "end": 1623377831836,
    "duration": 0,
    "pid": 12556,
    "index": 9
  },
  {
    "name": "Require(6) node_modules/_egg-watcher@3.1.1@egg-watcher/config/config.default.js",
    "start": 1623377831837,
    "end": 1623377831838,
    "duration": 1,
    "pid": 12556,
    "index": 10
  },
  {
    "name": "Require(7) node_modules/_egg-schedule@3.6.6@egg-schedule/config/config.default.js",
    "start": 1623377831838,
    "end": 1623377831838,
    "duration": 0,
    "pid": 12556,
    "index": 11
  },
  {
    "name": "Require(8) node_modules/_egg-multipart@2.12.0@egg-multipart/config/config.default.js",
    "start": 1623377831839,
    "end": 1623377831839,
    "duration": 0,
    "pid": 12556,
    "index": 12
  },
  {
    "name": "Require(9) node_modules/_egg-development@2.7.0@egg-development/config/config.default.js",
    "start": 1623377831840,
    "end": 1623377831840,
    "duration": 0,
    "pid": 12556,
    "index": 13
  },
  {
    "name": "Require(10) node_modules/_egg-logrotator@3.1.0@egg-logrotator/config/config.default.js",
    "start": 1623377831841,
    "end": 1623377831841,
    "duration": 0,
    "pid": 12556,
    "index": 14
  },
  {
    "name": "Require(11) node_modules/_egg-static@2.2.0@egg-static/config/config.default.js",
    "start": 1623377831842,
    "end": 1623377831842,
    "duration": 0,
    "pid": 12556,
    "index": 15
  },
  {
    "name": "Require(12) node_modules/_egg-view@2.1.3@egg-view/config/config.default.js",
    "start": 1623377831843,
    "end": 1623377831843,
    "duration": 0,
    "pid": 12556,
    "index": 16
  },
  {
    "name": "Require(13) node_modules/_egg@2.29.4@egg/config/config.default.js",
    "start": 1623377831843,
    "end": 1623377831844,
    "duration": 1,
    "pid": 12556,
    "index": 17
  },
  {
    "name": "Require(14) config/config.default.js",
    "start": 1623377831845,
    "end": 1623377831845,
    "duration": 0,
    "pid": 12556,
    "index": 18
  },
  {
    "name": "Require(15) node_modules/_egg-security@2.9.0@egg-security/config/config.local.js",
    "start": 1623377831846,
    "end": 1623377831847,
    "duration": 1,
    "pid": 12556,
    "index": 19
  },
  {
    "name": "Require(16) node_modules/_egg-watcher@3.1.1@egg-watcher/config/config.local.js",
    "start": 1623377831847,
    "end": 1623377831848,
    "duration": 1,
    "pid": 12556,
    "index": 20
  },
  {
    "name": "Require(17) node_modules/_egg-view@2.1.3@egg-view/config/config.local.js",
    "start": 1623377831849,
    "end": 1623377831849,
    "duration": 0,
    "pid": 12556,
    "index": 21
  },
  {
    "name": "Require(18) node_modules/_egg@2.29.4@egg/config/config.local.js",
    "start": 1623377831850,
    "end": 1623377831850,
    "duration": 0,
    "pid": 12556,
    "index": 22
  },
  {
    "name": "Load extend/application.js",
    "start": 1623377831851,
    "end": 1623377831872,
    "duration": 21,
    "pid": 12556,
    "index": 23
  },
  {
    "name": "Require(19) node_modules/_egg-session@3.3.0@egg-session/app/extend/application.js",
    "start": 1623377831852,
    "end": 1623377831853,
    "duration": 1,
    "pid": 12556,
    "index": 24
  },
  {
    "name": "Require(20) node_modules/_egg-security@2.9.0@egg-security/app/extend/application.js",
    "start": 1623377831853,
    "end": 1623377831854,
    "duration": 1,
    "pid": 12556,
    "index": 25
  },
  {
    "name": "Require(21) node_modules/_egg-jsonp@2.0.0@egg-jsonp/app/extend/application.js",
    "start": 1623377831855,
    "end": 1623377831859,
    "duration": 4,
    "pid": 12556,
    "index": 26
  },
  {
    "name": "Require(22) node_modules/_egg-logrotator@3.1.0@egg-logrotator/app/extend/application.js",
    "start": 1623377831861,
    "end": 1623377831864,
    "duration": 3,
    "pid": 12556,
    "index": 27
  },
  {
    "name": "Require(23) node_modules/_egg-view@2.1.3@egg-view/app/extend/application.js",
    "start": 1623377831865,
    "end": 1623377831868,
    "duration": 3,
    "pid": 12556,
    "index": 28
  },
  {
    "name": "Load extend/request.js",
    "start": 1623377831872,
    "end": 1623377831879,
    "duration": 7,
    "pid": 12556,
    "index": 29
  },
  {
    "name": "Require(24) node_modules/_egg@2.29.4@egg/app/extend/request.js",
    "start": 1623377831875,
    "end": 1623377831877,
    "duration": 2,
    "pid": 12556,
    "index": 30
  },
  {
    "name": "Load extend/response.js",
    "start": 1623377831879,
    "end": 1623377831889,
    "duration": 10,
    "pid": 12556,
    "index": 31
  },
  {
    "name": "Require(25) node_modules/_egg@2.29.4@egg/app/extend/response.js",
    "start": 1623377831884,
    "end": 1623377831887,
    "duration": 3,
    "pid": 12556,
    "index": 32
  },
  {
    "name": "Load extend/context.js",
    "start": 1623377831889,
    "end": 1623377831956,
    "duration": 67,
    "pid": 12556,
    "index": 33
  },
  {
    "name": "Require(26) node_modules/_egg-security@2.9.0@egg-security/app/extend/context.js",
    "start": 1623377831890,
    "end": 1623377831901,
    "duration": 11,
    "pid": 12556,
    "index": 34
  },
  {
    "name": "Require(27) node_modules/_egg-jsonp@2.0.0@egg-jsonp/app/extend/context.js",
    "start": 1623377831901,
    "end": 1623377831903,
    "duration": 2,
    "pid": 12556,
    "index": 35
  },
  {
    "name": "Require(28) node_modules/_egg-i18n@2.1.1@egg-i18n/app/extend/context.js",
    "start": 1623377831903,
    "end": 1623377831904,
    "duration": 1,
    "pid": 12556,
    "index": 36
  },
  {
    "name": "Require(29) node_modules/_egg-multipart@2.12.0@egg-multipart/app/extend/context.js",
    "start": 1623377831905,
    "end": 1623377831951,
    "duration": 46,
    "pid": 12556,
    "index": 37
  },
  {
    "name": "Require(30) node_modules/_egg-view@2.1.3@egg-view/app/extend/context.js",
    "start": 1623377831952,
    "end": 1623377831953,
    "duration": 1,
    "pid": 12556,
    "index": 38
  },
  {
    "name": "Require(31) node_modules/_egg@2.29.4@egg/app/extend/context.js",
    "start": 1623377831953,
    "end": 1623377831954,
    "duration": 1,
    "pid": 12556,
    "index": 39
  },
  {
    "name": "Load extend/helper.js",
    "start": 1623377831956,
    "end": 1623377831973,
    "duration": 17,
    "pid": 12556,
    "index": 40
  },
  {
    "name": "Require(32) node_modules/_egg-security@2.9.0@egg-security/app/extend/helper.js",
    "start": 1623377831956,
    "end": 1623377831969,
    "duration": 13,
    "pid": 12556,
    "index": 41
  },
  {
    "name": "Require(33) node_modules/_egg@2.29.4@egg/app/extend/helper.js",
    "start": 1623377831971,
    "end": 1623377831971,
    "duration": 0,
    "pid": 12556,
    "index": 42
  },
  {
    "name": "Load app.js",
    "start": 1623377831974,
    "end": 1623377832006,
    "duration": 32,
    "pid": 12556,
    "index": 43
  },
  {
    "name": "Require(34) node_modules/_egg-session@3.3.0@egg-session/app.js",
    "start": 1623377831974,
    "end": 1623377831974,
    "duration": 0,
    "pid": 12556,
    "index": 44
  },
  {
    "name": "Require(35) node_modules/_egg-security@2.9.0@egg-security/app.js",
    "start": 1623377831974,
    "end": 1623377831976,
    "duration": 2,
    "pid": 12556,
    "index": 45
  },
  {
    "name": "Require(36) node_modules/_egg-onerror@2.1.0@egg-onerror/app.js",
    "start": 1623377831976,
    "end": 1623377831985,
    "duration": 9,
    "pid": 12556,
    "index": 46
  },
  {
    "name": "Require(37) node_modules/_egg-i18n@2.1.1@egg-i18n/app.js",
    "start": 1623377831985,
    "end": 1623377831994,
    "duration": 9,
    "pid": 12556,
    "index": 47
  },
  {
    "name": "Require(38) node_modules/_egg-watcher@3.1.1@egg-watcher/app.js",
    "start": 1623377831994,
    "end": 1623377831999,
    "duration": 5,
    "pid": 12556,
    "index": 48
  },
  {
    "name": "Require(39) node_modules/_egg-schedule@3.6.6@egg-schedule/app.js",
    "start": 1623377832000,
    "end": 1623377832002,
    "duration": 2,
    "pid": 12556,
    "index": 49
  },
  {
    "name": "Require(40) node_modules/_egg-multipart@2.12.0@egg-multipart/app.js",
    "start": 1623377832002,
    "end": 1623377832003,
    "duration": 1,
    "pid": 12556,
    "index": 50
  },
  {
    "name": "Require(41) node_modules/_egg-development@2.7.0@egg-development/app.js",
    "start": 1623377832003,
    "end": 1623377832003,
    "duration": 0,
    "pid": 12556,
    "index": 51
  },
  {
    "name": "Require(42) node_modules/_egg-logrotator@3.1.0@egg-logrotator/app.js",
    "start": 1623377832004,
    "end": 1623377832004,
    "duration": 0,
    "pid": 12556,
    "index": 52
  },
  {
    "name": "Require(43) node_modules/_egg-static@2.2.0@egg-static/app.js",
    "start": 1623377832004,
    "end": 1623377832005,
    "duration": 1,
    "pid": 12556,
    "index": 53
  },
  {
    "name": "Before Start in node_modules/_egg-watcher@3.1.1@egg-watcher/lib/init.js:15:14",
    "start": 1623377832018,
    "end": 1623377832316,
    "duration": 298,
    "pid": 12556,
    "index": 54
  },
  {
    "name": "Load Service",
    "start": 1623377832053,
    "end": 1623377832057,
    "duration": 4,
    "pid": 12556,
    "index": 55
  },
  {
    "name": "Load \"service\" to Context",
    "start": 1623377832054,
    "end": 1623377832057,
    "duration": 3,
    "pid": 12556,
    "index": 56
  },
  {
    "name": "Load Middleware",
    "start": 1623377832058,
    "end": 1623377832153,
    "duration": 95,
    "pid": 12556,
    "index": 57
  },
  {
    "name": "Load \"middlewares\" to Application",
    "start": 1623377832058,
    "end": 1623377832144,
    "duration": 86,
    "pid": 12556,
    "index": 58
  },
  {
    "name": "Load Controller",
    "start": 1623377832153,
    "end": 1623377832289,
    "duration": 136,
    "pid": 12556,
    "index": 59
  },
  {
    "name": "Load \"controller\" to Application",
    "start": 1623377832154,
    "end": 1623377832289,
    "duration": 135,
    "pid": 12556,
    "index": 60
  },
  {
    "name": "Load Router",
    "start": 1623377832289,
    "end": 1623377832298,
    "duration": 9,
    "pid": 12556,
    "index": 61
  },
  {
    "name": "Require(44) app/router.js",
    "start": 1623377832289,
    "end": 1623377832296,
    "duration": 7,
    "pid": 12556,
    "index": 62
  },
  {
    "name": "Before Start in node_modules/_egg-core@4.20.0@egg-core/lib/egg.js:303:10",
    "start": 1623377832296,
    "end": 1623377832306,
    "duration": 10,
    "pid": 12556,
    "index": 63
  }
]