[
  {
    "name": "Process Start",
    "start": 1623316218666,
    "end": 1623316219766,
    "duration": 1100,
    "pid": 18296,
    "index": 0
  },
  {
    "name": "Application Start",
    "start": 1623316219766,
    "end": 1623316220224,
    "duration": 458,
    "pid": 18296,
    "index": 1
  },
  {
    "name": "Load Plugin",
    "start": 1623316219770,
    "end": 1623316219785,
    "duration": 15,
    "pid": 18296,
    "index": 2
  },
  {
    "name": "Load Config",
    "start": 1623316219785,
    "end": 1623316219806,
    "duration": 21,
    "pid": 18296,
    "index": 3
  },
  {
    "name": "Require(0) config/config.default.js",
    "start": 1623316219786,
    "end": 1623316219786,
    "duration": 0,
    "pid": 18296,
    "index": 4
  },
  {
    "name": "Require(1) node_modules/_egg-session@3.3.0@egg-session/config/config.default.js",
    "start": 1623316219789,
    "end": 1623316219789,
    "duration": 0,
    "pid": 18296,
    "index": 5
  },
  {
    "name": "Require(2) node_modules/_egg-security@2.8.0@egg-security/config/config.default.js",
    "start": 1623316219790,
    "end": 1623316219790,
    "duration": 0,
    "pid": 18296,
    "index": 6
  },
  {
    "name": "Require(3) node_modules/_egg-jsonp@2.0.0@egg-jsonp/config/config.default.js",
    "start": 1623316219791,
    "end": 1623316219792,
    "duration": 1,
    "pid": 18296,
    "index": 7
  },
  {
    "name": "Require(4) node_modules/_egg-onerror@2.1.0@egg-onerror/config/config.default.js",
    "start": 1623316219792,
    "end": 1623316219792,
    "duration": 0,
    "pid": 18296,
    "index": 8
  },
  {
    "name": "Require(5) node_modules/_egg-i18n@2.1.1@egg-i18n/config/config.default.js",
    "start": 1623316219793,
    "end": 1623316219793,
    "duration": 0,
    "pid": 18296,
    "index": 9
  },
  {
    "name": "Require(6) node_modules/_egg-watcher@3.1.1@egg-watcher/config/config.default.js",
    "start": 1623316219794,
    "end": 1623316219794,
    "duration": 0,
    "pid": 18296,
    "index": 10
  },
  {
    "name": "Require(7) node_modules/_egg-schedule@3.6.6@egg-schedule/config/config.default.js",
    "start": 1623316219795,
    "end": 1623316219795,
    "duration": 0,
    "pid": 18296,
    "index": 11
  },
  {
    "name": "Require(8) node_modules/_egg-multipart@2.10.3@egg-multipart/config/config.default.js",
    "start": 1623316219796,
    "end": 1623316219796,
    "duration": 0,
    "pid": 18296,
    "index": 12
  },
  {
    "name": "Require(9) node_modules/_egg-development@2.7.0@egg-development/config/config.default.js",
    "start": 1623316219797,
    "end": 1623316219797,
    "duration": 0,
    "pid": 18296,
    "index": 13
  },
  {
    "name": "Require(10) node_modules/_egg-logrotator@3.1.0@egg-logrotator/config/config.default.js",
    "start": 1623316219798,
    "end": 1623316219798,
    "duration": 0,
    "pid": 18296,
    "index": 14
  },
  {
    "name": "Require(11) node_modules/_egg-static@2.2.0@egg-static/config/config.default.js",
    "start": 1623316219798,
    "end": 1623316219799,
    "duration": 1,
    "pid": 18296,
    "index": 15
  },
  {
    "name": "Require(12) node_modules/_egg-view@2.1.3@egg-view/config/config.default.js",
    "start": 1623316219799,
    "end": 1623316219800,
    "duration": 1,
    "pid": 18296,
    "index": 16
  },
  {
    "name": "Require(13) node_modules/_egg@2.29.3@egg/config/config.default.js",
    "start": 1623316219800,
    "end": 1623316219801,
    "duration": 1,
    "pid": 18296,
    "index": 17
  },
  {
    "name": "Require(14) config/config.default.js",
    "start": 1623316219802,
    "end": 1623316219802,
    "duration": 0,
    "pid": 18296,
    "index": 18
  },
  {
    "name": "Require(15) node_modules/_egg-security@2.8.0@egg-security/config/config.local.js",
    "start": 1623316219803,
    "end": 1623316219803,
    "duration": 0,
    "pid": 18296,
    "index": 19
  },
  {
    "name": "Require(16) node_modules/_egg-watcher@3.1.1@egg-watcher/config/config.local.js",
    "start": 1623316219804,
    "end": 1623316219804,
    "duration": 0,
    "pid": 18296,
    "index": 20
  },
  {
    "name": "Require(17) node_modules/_egg-view@2.1.3@egg-view/config/config.local.js",
    "start": 1623316219805,
    "end": 1623316219806,
    "duration": 1,
    "pid": 18296,
    "index": 21
  },
  {
    "name": "Require(18) node_modules/_egg@2.29.3@egg/config/config.local.js",
    "start": 1623316219806,
    "end": 1623316219806,
    "duration": 0,
    "pid": 18296,
    "index": 22
  },
  {
    "name": "Load extend/application.js",
    "start": 1623316219807,
    "end": 1623316219822,
    "duration": 15,
    "pid": 18296,
    "index": 23
  },
  {
    "name": "Require(19) node_modules/_egg-session@3.3.0@egg-session/app/extend/application.js",
    "start": 1623316219808,
    "end": 1623316219808,
    "duration": 0,
    "pid": 18296,
    "index": 24
  },
  {
    "name": "Require(20) node_modules/_egg-security@2.8.0@egg-security/app/extend/application.js",
    "start": 1623316219809,
    "end": 1623316219810,
    "duration": 1,
    "pid": 18296,
    "index": 25
  },
  {
    "name": "Require(21) node_modules/_egg-jsonp@2.0.0@egg-jsonp/app/extend/application.js",
    "start": 1623316219810,
    "end": 1623316219812,
    "duration": 2,
    "pid": 18296,
    "index": 26
  },
  {
    "name": "Require(22) node_modules/_egg-logrotator@3.1.0@egg-logrotator/app/extend/application.js",
    "start": 1623316219814,
    "end": 1623316219816,
    "duration": 2,
    "pid": 18296,
    "index": 27
  },
  {
    "name": "Require(23) node_modules/_egg-view@2.1.3@egg-view/app/extend/application.js",
    "start": 1623316219817,
    "end": 1623316219819,
    "duration": 2,
    "pid": 18296,
    "index": 28
  },
  {
    "name": "Load extend/request.js",
    "start": 1623316219822,
    "end": 1623316219827,
    "duration": 5,
    "pid": 18296,
    "index": 29
  },
  {
    "name": "Require(24) node_modules/_egg@2.29.3@egg/app/extend/request.js",
    "start": 1623316219824,
    "end": 1623316219825,
    "duration": 1,
    "pid": 18296,
    "index": 30
  },
  {
    "name": "Load extend/response.js",
    "start": 1623316219827,
    "end": 1623316219835,
    "duration": 8,
    "pid": 18296,
    "index": 31
  },
  {
    "name": "Require(25) node_modules/_egg@2.29.3@egg/app/extend/response.js",
    "start": 1623316219829,
    "end": 1623316219831,
    "duration": 2,
    "pid": 18296,
    "index": 32
  },
  {
    "name": "Load extend/context.js",
    "start": 1623316219835,
    "end": 1623316219908,
    "duration": 73,
    "pid": 18296,
    "index": 33
  },
  {
    "name": "Require(26) node_modules/_egg-security@2.8.0@egg-security/app/extend/context.js",
    "start": 1623316219836,
    "end": 1623316219847,
    "duration": 11,
    "pid": 18296,
    "index": 34
  },
  {
    "name": "Require(27) node_modules/_egg-jsonp@2.0.0@egg-jsonp/app/extend/context.js",
    "start": 1623316219848,
    "end": 1623316219849,
    "duration": 1,
    "pid": 18296,
    "index": 35
  },
  {
    "name": "Require(28) node_modules/_egg-i18n@2.1.1@egg-i18n/app/extend/context.js",
    "start": 1623316219850,
    "end": 1623316219850,
    "duration": 0,
    "pid": 18296,
    "index": 36
  },
  {
    "name": "Require(29) node_modules/_egg-multipart@2.10.3@egg-multipart/app/extend/context.js",
    "start": 1623316219851,
    "end": 1623316219900,
    "duration": 49,
    "pid": 18296,
    "index": 37
  },
  {
    "name": "Require(30) node_modules/_egg-view@2.1.3@egg-view/app/extend/context.js",
    "start": 1623316219901,
    "end": 1623316219902,
    "duration": 1,
    "pid": 18296,
    "index": 38
  },
  {
    "name": "Require(31) node_modules/_egg@2.29.3@egg/app/extend/context.js",
    "start": 1623316219903,
    "end": 1623316219905,
    "duration": 2,
    "pid": 18296,
    "index": 39
  },
  {
    "name": "Load extend/helper.js",
    "start": 1623316219908,
    "end": 1623316219926,
    "duration": 18,
    "pid": 18296,
    "index": 40
  },
  {
    "name": "Require(32) node_modules/_egg-security@2.8.0@egg-security/app/extend/helper.js",
    "start": 1623316219908,
    "end": 1623316219922,
    "duration": 14,
    "pid": 18296,
    "index": 41
  },
  {
    "name": "Require(33) node_modules/_egg@2.29.3@egg/app/extend/helper.js",
    "start": 1623316219924,
    "end": 1623316219924,
    "duration": 0,
    "pid": 18296,
    "index": 42
  },
  {
    "name": "Load app.js",
    "start": 1623316219927,
    "end": 1623316219954,
    "duration": 27,
    "pid": 18296,
    "index": 43
  },
  {
    "name": "Require(34) node_modules/_egg-session@3.3.0@egg-session/app.js",
    "start": 1623316219927,
    "end": 1623316219927,
    "duration": 0,
    "pid": 18296,
    "index": 44
  },
  {
    "name": "Require(35) node_modules/_egg-security@2.8.0@egg-security/app.js",
    "start": 1623316219927,
    "end": 1623316219929,
    "duration": 2,
    "pid": 18296,
    "index": 45
  },
  {
    "name": "Require(36) node_modules/_egg-onerror@2.1.0@egg-onerror/app.js",
    "start": 1623316219929,
    "end": 1623316219938,
    "duration": 9,
    "pid": 18296,
    "index": 46
  },
  {
    "name": "Require(37) node_modules/_egg-i18n@2.1.1@egg-i18n/app.js",
    "start": 1623316219938,
    "end": 1623316219944,
    "duration": 6,
    "pid": 18296,
    "index": 47
  },
  {
    "name": "Require(38) node_modules/_egg-watcher@3.1.1@egg-watcher/app.js",
    "start": 1623316219944,
    "end": 1623316219948,
    "duration": 4,
    "pid": 18296,
    "index": 48
  },
  {
    "name": "Require(39) node_modules/_egg-schedule@3.6.6@egg-schedule/app.js",
    "start": 1623316219948,
    "end": 1623316219950,
    "duration": 2,
    "pid": 18296,
    "index": 49
  },
  {
    "name": "Require(40) node_modules/_egg-multipart@2.10.3@egg-multipart/app.js",
    "start": 1623316219950,
    "end": 1623316219951,
    "duration": 1,
    "pid": 18296,
    "index": 50
  },
  {
    "name": "Require(41) node_modules/_egg-development@2.7.0@egg-development/app.js",
    "start": 1623316219951,
    "end": 1623316219952,
    "duration": 1,
    "pid": 18296,
    "index": 51
  },
  {
    "name": "Require(42) node_modules/_egg-logrotator@3.1.0@egg-logrotator/app.js",
    "start": 1623316219952,
    "end": 1623316219952,
    "duration": 0,
    "pid": 18296,
    "index": 52
  },
  {
    "name": "Require(43) node_modules/_egg-static@2.2.0@egg-static/app.js",
    "start": 1623316219953,
    "end": 1623316219953,
    "duration": 0,
    "pid": 18296,
    "index": 53
  },
  {
    "name": "Before Start in node_modules/_egg-watcher@3.1.1@egg-watcher/lib/init.js:15:14",
    "start": 1623316219963,
    "end": 1623316220223,
    "duration": 260,
    "pid": 18296,
    "index": 54
  },
  {
    "name": "Load Service",
    "start": 1623316219994,
    "end": 1623316219999,
    "duration": 5,
    "pid": 18296,
    "index": 55
  },
  {
    "name": "Load \"service\" to Context",
    "start": 1623316219994,
    "end": 1623316219999,
    "duration": 5,
    "pid": 18296,
    "index": 56
  },
  {
    "name": "Load Middleware",
    "start": 1623316220000,
    "end": 1623316220115,
    "duration": 115,
    "pid": 18296,
    "index": 57
  },
  {
    "name": "Load \"middlewares\" to Application",
    "start": 1623316220000,
    "end": 1623316220102,
    "duration": 102,
    "pid": 18296,
    "index": 58
  },
  {
    "name": "Load Controller",
    "start": 1623316220115,
    "end": 1623316220206,
    "duration": 91,
    "pid": 18296,
    "index": 59
  },
  {
    "name": "Load \"controller\" to Application",
    "start": 1623316220116,
    "end": 1623316220206,
    "duration": 90,
    "pid": 18296,
    "index": 60
  },
  {
    "name": "Load Router",
    "start": 1623316220206,
    "end": 1623316220208,
    "duration": 2,
    "pid": 18296,
    "index": 61
  },
  {
    "name": "Require(44) app/router.js",
    "start": 1623316220206,
    "end": 1623316220207,
    "duration": 1,
    "pid": 18296,
    "index": 62
  },
  {
    "name": "Before Start in node_modules/_egg-core@4.20.0@egg-core/lib/egg.js:303:10",
    "start": 1623316220207,
    "end": 1623316220215,
    "duration": 8,
    "pid": 18296,
    "index": 63
  }
]